Classification,Year,Period,Period Desc.,Aggregate Level,Is Leaf Code,Trade Flow Code,Trade Flow,Reporter Code,Reporter,Reporter ISO,Partner Code,Partner,Partner ISO,2nd Partner Code,2nd Partner,2nd Partner ISO,Customs Proc. Code,Customs,Mode of Transport Code,Mode of Transport,Commodity Code,Commodity,Qty Unit Code,Qty Unit,Qty,Alt Qty Unit Code,Alt Qty Unit,Alt Qty,Netweight (kg),Gross weight (kg),Trade Value (US$),CIF Trade Value (US$),FOB Trade Value (US$),Flag
H5,2019,2019,2019,6,1,1,Import,31,Azerbaijan,AZE,0,World,WLD,,,,,,,,040891,"Eggs; birds' eggs (not in shell, excluding yolks only), dried, whether or not containing added sugar or other sweetening matter",8,Weight in kilograms,25655,,,,25655,,100525,,,0
H5,2019,2019,2019,6,1,1,Import,32,Argentina,ARG,0,World,WLD,,,,,,,,040891,"Eggs; birds' eggs (not in shell, excluding yolks only), dried, whether or not containing added sugar or other sweetening matter",8,Weight in kilograms,28865,,,,28865,,189393,,,0
H5,2019,2019,2019,6,1,2,Export,32,Argentina,ARG,0,World,WLD,,,,,,,,040891,"Eggs; birds' eggs (not in shell, excluding yolks only), dried, whether or not containing added sugar or other sweetening matter",8,Weight in kilograms,813540,,,,813540,,4200880,,,0
H5,2019,2019,2019,6,1,4,Re-Import,32,Argentina,ARG,0,World,WLD,,,,,,,,040891,"Eggs; birds' eggs (not in shell, excluding yolks only), dried, whether or not containing added sugar or other sweetening matter",8,Weight in kilograms,28865,,,,28865,,189393,,,0
H5,2019,2019,2019,6,1,1,Import,36,Australia,AUS,0,World,WLD,,,,,,,,040891,"Eggs; birds' eggs (not in shell, excluding yolks only), dried, whether or not containing added sugar or other sweetening matter",8,Weight in kilograms,1054552,,,,1054552,,5197741,,,0
H5,2019,2019,2019,6,1,2,Export,36,Australia,AUS,0,World,WLD,,,,,,,,040891,"Eggs; birds' eggs (not in shell, excluding yolks only), dried, whether or not containing added sugar or other sweetening matter",8,Weight in kilograms,22300,,,,22300,,23459,,,0
H5,2019,2019,2019,6,1,1,Import,40,Austria,AUT,0,World,WLD,,,,,,,,040891,"Eggs; birds' eggs (not in shell, excluding yolks only), dried, whether or not containing added sugar or other sweetening matter",8,Weight in kilograms,879560,,,,879560,,3949901,,,0
H5,2019,2019,2019,6,1,2,Export,40,Austria,AUT,0,World,WLD,,,,,,,,040891,"Eggs; birds' eggs (not in shell, excluding yolks only), dried, whether or not containing added sugar or other sweetening matter",8,Weight in kilograms,668589,,,,668589,,3893063,,,0
H5,2019,2019,2019,6,1,1,Import,51,Armenia,ARM,0,World,WLD,,,,,,,,040891,"Eggs; birds' eggs (not in shell, excluding yolks only), dried, whether or not containing added sugar or other sweetening matter",8,Weight in kilograms,620,,,,620,,754,,,0
H5,2019,2019,2019,6,1,1,Import,56,Belgium,BEL,0,World,WLD,,,,,,,,040891,"Eggs; birds' eggs (not in shell, excluding yolks only), dried, whether or not containing added sugar or other sweetening matter",8,Weight in kilograms,306306,,,,306306,,2376657,,,0
H5,2019,2019,2019,6,1,2,Export,56,Belgium,BEL,0,World,WLD,,,,,,,,040891,"Eggs; birds' eggs (not in shell, excluding yolks only), dried, whether or not containing added sugar or other sweetening matter",8,Weight in kilograms,227203,,,,227203,,1343989,,,0
H5,2019,2019,2019,6,1,1,Import,70,Bosnia Herzegovina,BIH,0,World,WLD,,,,,,,,040891,"Eggs; birds' eggs (not in shell, excluding yolks only), dried, whether or not containing added sugar or other sweetening matter",8,Weight in kilograms,40300,,,,40300,,200600,,,0
H5,2019,2019,2019,6,1,1,Import,72,Botswana,BWA,0,World,WLD,,,,,,,,040891,"Eggs; birds' eggs (not in shell, excluding yolks only), dried, whether or not containing added sugar or other sweetening matter",8,Weight in kilograms,50,,,,30,,221,,,0
H5,2019,2019,2019,6,1,1,Import,76,Brazil,BRA,0,World,WLD,,,,,,,,040891,"Eggs; birds' eggs (not in shell, excluding yolks only), dried, whether or not containing added sugar or other sweetening matter",8,Weight in kilograms,58500,,,,58500,,160922,,,0
H5,2019,2019,2019,6,1,2,Export,76,Brazil,BRA,0,World,WLD,,,,,,,,040891,"Eggs; birds' eggs (not in shell, excluding yolks only), dried, whether or not containing added sugar or other sweetening matter",8,Weight in kilograms,1265880,,,,955102,,2697231,,,6
H5,2019,2019,2019,6,1,1,Import,100,Bulgaria,BGR,0,World,WLD,,,,,,,,040891,"Eggs; birds' eggs (not in shell, excluding yolks only), dried, whether or not containing added sugar or other sweetening matter",8,Weight in kilograms,175730,,,,175730,,761124,,,0
H5,2019,2019,2019,6,1,2,Export,100,Bulgaria,BGR,0,World,WLD,,,,,,,,040891,"Eggs; birds' eggs (not in shell, excluding yolks only), dried, whether or not containing added sugar or other sweetening matter",8,Weight in kilograms,222925,,,,222925,,1167626,,,0
H5,2019,2019,2019,6,1,1,Import,124,Canada,CAN,0,World,WLD,,,,,,,,040891,"Eggs; birds' eggs (not in shell, excluding yolks only), dried, whether or not containing added sugar or other sweetening matter",8,Weight in kilograms,3671543,,,,0,,8249295,,,0
H5,2019,2019,2019,6,1,2,Export,124,Canada,CAN,0,World,WLD,,,,,,,,040891,"Eggs; birds' eggs (not in shell, excluding yolks only), dried, whether or not containing added sugar or other sweetening matter",8,Weight in kilograms,22680,,,,22680,,55510,,,0
H5,2019,2019,2019,6,1,1,Import,152,Chile,CHL,0,World,WLD,,,,,,,,040891,"Eggs; birds' eggs (not in shell, excluding yolks only), dried, whether or not containing added sugar or other sweetening matter",8,Weight in kilograms,269733,,,,269733,,1468611,,,0
H5,2019,2019,2019,6,1,1,Import,170,Colombia,COL,0,World,WLD,,,,,,,,040891,"Eggs; birds' eggs (not in shell, excluding yolks only), dried, whether or not containing added sugar or other sweetening matter",8,Weight in kilograms,14539,,,,14539,,83791,,,0
H5,2019,2019,2019,6,1,1,Import,178,Congo,COG,0,World,WLD,,,,,,,,040891,"Eggs; birds' eggs (not in shell, excluding yolks only), dried, whether or not containing added sugar or other sweetening matter",8,Weight in kilograms,500,,,,500,,555,,,0
H5,2019,2019,2019,6,1,1,Import,191,Croatia,HRV,0,World,WLD,,,,,,,,040891,"Eggs; birds' eggs (not in shell, excluding yolks only), dried, whether or not containing added sugar or other sweetening matter",8,Weight in kilograms,53060,,,,53060,,176459,,,0
H5,2019,2019,2019,6,1,2,Export,191,Croatia,HRV,0,World,WLD,,,,,,,,040891,"Eggs; birds' eggs (not in shell, excluding yolks only), dried, whether or not containing added sugar or other sweetening matter",8,Weight in kilograms,70676,,,,70676,,337256,,,0
H5,2019,2019,2019,6,1,1,Import,196,Cyprus,CYP,0,World,WLD,,,,,,,,040891,"Eggs; birds' eggs (not in shell, excluding yolks only), dried, whether or not containing added sugar or other sweetening matter",8,Weight in kilograms,1062,,,,1062,,6793,,,0
H5,2019,2019,2019,6,1,1,Import,203,Czechia,CZE,0,World,WLD,,,,,,,,040891,"Eggs; birds' eggs (not in shell, excluding yolks only), dried, whether or not containing added sugar or other sweetening matter",8,Weight in kilograms,1902845,,,,1902845,,5750748,,,0
H5,2019,2019,2019,6,1,2,Export,203,Czechia,CZE,0,World,WLD,,,,,,,,040891,"Eggs; birds' eggs (not in shell, excluding yolks only), dried, whether or not containing added sugar or other sweetening matter",8,Weight in kilograms,63091,,,,63091,,332526,,,0
H5,2019,2019,2019,6,1,1,Import,208,Denmark,DNK,0,World,WLD,,,,,,,,040891,"Eggs; birds' eggs (not in shell, excluding yolks only), dried, whether or not containing added sugar or other sweetening matter",8,Weight in kilograms,3703845,,,,3703845,,15277557,,,0
H5,2019,2019,2019,6,1,2,Export,208,Denmark,DNK,0,World,WLD,,,,,,,,040891,"Eggs; birds' eggs (not in shell, excluding yolks only), dried, whether or not containing added sugar or other sweetening matter",8,Weight in kilograms,450,,,,450,,3464,,,0
H5,2019,2019,2019,6,1,1,Import,222,El Salvador,SLV,0,World,WLD,,,,,,,,040891,"Eggs; birds' eggs (not in shell, excluding yolks only), dried, whether or not containing added sugar or other sweetening matter",8,Weight in kilograms,1585,,,,1585,,12583,,,0
H5,2019,2019,2019,6,1,1,Import,233,Estonia,EST,0,World,WLD,,,,,,,,040891,"Eggs; birds' eggs (not in shell, excluding yolks only), dried, whether or not containing added sugar or other sweetening matter",8,Weight in kilograms,146645,,,,146645,,490958,,,0
H5,2019,2019,2019,6,1,2,Export,233,Estonia,EST,0,World,WLD,,,,,,,,040891,"Eggs; birds' eggs (not in shell, excluding yolks only), dried, whether or not containing added sugar or other sweetening matter",8,Weight in kilograms,3022,,,,3022,,19842,,,0
H5,2019,2019,2019,6,1,1,Import,246,Finland,FIN,0,World,WLD,,,,,,,,040891,"Eggs; birds' eggs (not in shell, excluding yolks only), dried, whether or not containing added sugar or other sweetening matter",8,Weight in kilograms,39612,,,,39612,,208634,,,0
H5,2019,2019,2019,6,1,1,Import,251,France,FRA,0,World,WLD,,,,,,,,040891,"Eggs; birds' eggs (not in shell, excluding yolks only), dried, whether or not containing added sugar or other sweetening matter",8,Weight in kilograms,629293,,,,629293,,3658282,,,0
H5,2019,2019,2019,6,1,2,Export,251,France,FRA,0,World,WLD,,,,,,,,040891,"Eggs; birds' eggs (not in shell, excluding yolks only), dried, whether or not containing added sugar or other sweetening matter",8,Weight in kilograms,6599147,,,,6599147,,25874153,,,0
H5,2019,2019,2019,6,1,1,Import,276,Germany,DEU,0,World,WLD,,,,,,,,040891,"Eggs; birds' eggs (not in shell, excluding yolks only), dried, whether or not containing added sugar or other sweetening matter",8,Weight in kilograms,3556818,,,,3556818,,21950415,,,6
H5,2019,2019,2019,6,1,2,Export,276,Germany,DEU,0,World,WLD,,,,,,,,040891,"Eggs; birds' eggs (not in shell, excluding yolks only), dried, whether or not containing added sugar or other sweetening matter",8,Weight in kilograms,2339161,,,,2339161,,12798430,,,0
H5,2019,2019,2019,6,1,1,Import,288,Ghana,GHA,0,World,WLD,,,,,,,,040891,"Eggs; birds' eggs (not in shell, excluding yolks only), dried, whether or not containing added sugar or other sweetening matter",8,Weight in kilograms,21705,,,,21705,,76436,,,0
H5,2019,2019,2019,6,1,2,Export,288,Ghana,GHA,0,World,WLD,,,,,,,,040891,"Eggs; birds' eggs (not in shell, excluding yolks only), dried, whether or not containing added sugar or other sweetening matter",1,No Quantity,0,,,,,,43,,,6
H5,2019,2019,2019,6,1,1,Import,300,Greece,GRC,0,World,WLD,,,,,,,,040891,"Eggs; birds' eggs (not in shell, excluding yolks only), dried, whether or not containing added sugar or other sweetening matter",8,Weight in kilograms,407440,,,,407440,,2100982,,,0
H5,2019,2019,2019,6,1,2,Export,300,Greece,GRC,0,World,WLD,,,,,,,,040891,"Eggs; birds' eggs (not in shell, excluding yolks only), dried, whether or not containing added sugar or other sweetening matter",8,Weight in kilograms,19265,,,,19265,,110866,,,0
H5,2019,2019,2019,6,1,1,Import,320,Guatemala,GTM,0,World,WLD,,,,,,,,040891,"Eggs; birds' eggs (not in shell, excluding yolks only), dried, whether or not containing added sugar or other sweetening matter",8,Weight in kilograms,127915,,,,127915,,774527,,,0
H5,2019,2019,2019,6,1,1,Import,344,"China, Hong Kong SAR",HKG,0,World,WLD,,,,,,,,040891,"Eggs; birds' eggs (not in shell, excluding yolks only), dried, whether or not containing added sugar or other sweetening matter",8,Weight in kilograms,2202,,,,2202,,21377,,,0
H5,2019,2019,2019,6,1,1,Import,348,Hungary,HUN,0,World,WLD,,,,,,,,040891,"Eggs; birds' eggs (not in shell, excluding yolks only), dried, whether or not containing added sugar or other sweetening matter",8,Weight in kilograms,216026,,,,216026,,991270,,,0
H5,2019,2019,2019,6,1,2,Export,348,Hungary,HUN,0,World,WLD,,,,,,,,040891,"Eggs; birds' eggs (not in shell, excluding yolks only), dried, whether or not containing added sugar or other sweetening matter",8,Weight in kilograms,317740,,,,317740,,1381581,,,0
H5,2019,2019,2019,6,1,1,Import,352,Iceland,ISL,0,World,WLD,,,,,,,,040891,"Eggs; birds' eggs (not in shell, excluding yolks only), dried, whether or not containing added sugar or other sweetening matter",8,Weight in kilograms,1312,,,,1312,,8547,,,0
H5,2019,2019,2019,6,1,1,Import,360,Indonesia,IDN,0,World,WLD,,,,,,,,040891,"Eggs; birds' eggs (not in shell, excluding yolks only), dried, whether or not containing added sugar or other sweetening matter",8,Weight in kilograms,1098108,,,,1098108,,5344278,,,6
H5,2019,2019,2019,6,1,2,Export,360,Indonesia,IDN,0,World,WLD,,,,,,,,040891,"Eggs; birds' eggs (not in shell, excluding yolks only), dried, whether or not containing added sugar or other sweetening matter",8,Weight in kilograms,870,,,,870,,4500,,,6
H5,2019,2019,2019,6,1,1,Import,372,Ireland,IRL,0,World,WLD,,,,,,,,040891,"Eggs; birds' eggs (not in shell, excluding yolks only), dried, whether or not containing added sugar or other sweetening matter",8,Weight in kilograms,226490,,,,226490,,835501,,,0
H5,2019,2019,2019,6,1,2,Export,372,Ireland,IRL,0,World,WLD,,,,,,,,040891,"Eggs; birds' eggs (not in shell, excluding yolks only), dried, whether or not containing added sugar or other sweetening matter",8,Weight in kilograms,17350,,,,17350,,63758,,,0
H5,2019,2019,2019,6,1,1,Import,376,Israel,ISR,0,World,WLD,,,,,,,,040891,"Eggs; birds' eggs (not in shell, excluding yolks only), dried, whether or not containing added sugar or other sweetening matter",8,Weight in kilograms,107462,,,,107462,,523000,,,6
H5,2019,2019,2019,6,1,1,Import,381,Italy,ITA,0,World,WLD,,,,,,,,040891,"Eggs; birds' eggs (not in shell, excluding yolks only), dried, whether or not containing added sugar or other sweetening matter",8,Weight in kilograms,4001780,,,,4001780,,14287864,,,0
H5,2019,2019,2019,6,1,2,Export,381,Italy,ITA,0,World,WLD,,,,,,,,040891,"Eggs; birds' eggs (not in shell, excluding yolks only), dried, whether or not containing added sugar or other sweetening matter",8,Weight in kilograms,4153008,,,,4153008,,22686415,,,0
H5,2019,2019,2019,6,1,1,Import,384,CÃ´te d'Ivoire,CIV,0,World,WLD,,,,,,,,040891,"Eggs; birds' eggs (not in shell, excluding yolks only), dried, whether or not containing added sugar or other sweetening matter",8,Weight in kilograms,1000,,,,1000,,14275,,,0
H5,2019,2019,2019,6,1,1,Import,392,Japan,JPN,0,World,WLD,,,,,,,,040891,"Eggs; birds' eggs (not in shell, excluding yolks only), dried, whether or not containing added sugar or other sweetening matter",8,Weight in kilograms,2420221,,,,2420221,,13203414,,,0
H5,2019,2019,2019,6,1,2,Export,392,Japan,JPN,0,World,WLD,,,,,,,,040891,"Eggs; birds' eggs (not in shell, excluding yolks only), dried, whether or not containing added sugar or other sweetening matter",8,Weight in kilograms,14463,,,,14463,,389953,,,0
H5,2019,2019,2019,6,1,1,Import,398,Kazakhstan,KAZ,0,World,WLD,,,,,,,,040891,"Eggs; birds' eggs (not in shell, excluding yolks only), dried, whether or not containing added sugar or other sweetening matter",8,Weight in kilograms,133377,,,,133377,,273338,,,0
H5,2019,2019,2019,6,1,2,Export,398,Kazakhstan,KAZ,0,World,WLD,,,,,,,,040891,"Eggs; birds' eggs (not in shell, excluding yolks only), dried, whether or not containing added sugar or other sweetening matter",8,Weight in kilograms,40940,,,,40940,,97975,,,0
H5,2019,2019,2019,6,1,1,Import,400,Jordan,JOR,0,World,WLD,,,,,,,,040891,"Eggs; birds' eggs (not in shell, excluding yolks only), dried, whether or not containing added sugar or other sweetening matter",8,Weight in kilograms,319920,,,,319920,,1479829,,,0
H5,2019,2019,2019,6,1,2,Export,400,Jordan,JOR,0,World,WLD,,,,,,,,040891,"Eggs; birds' eggs (not in shell, excluding yolks only), dried, whether or not containing added sugar or other sweetening matter",8,Weight in kilograms,94080,,,,94080,,385188,,,0
H5,2019,2019,2019,6,1,3,Re-Export,400,Jordan,JOR,0,World,WLD,,,,,,,,040891,"Eggs; birds' eggs (not in shell, excluding yolks only), dried, whether or not containing added sugar or other sweetening matter",8,Weight in kilograms,94080,,,,94080,,385188,,,0
H5,2019,2019,2019,6,1,1,Import,410,Rep. of Korea,KOR,0,World,WLD,,,,,,,,040891,"Eggs; birds' eggs (not in shell, excluding yolks only), dried, whether or not containing added sugar or other sweetening matter",8,Weight in kilograms,599384,,,,599384,,3315120,,,0
H5,2019,2019,2019,6,1,2,Export,410,Rep. of Korea,KOR,0,World,WLD,,,,,,,,040891,"Eggs; birds' eggs (not in shell, excluding yolks only), dried, whether or not containing added sugar or other sweetening matter",8,Weight in kilograms,720,,,,720,,32850,,,0
H5,2019,2019,2019,6,1,1,Import,428,Latvia,LVA,0,World,WLD,,,,,,,,040891,"Eggs; birds' eggs (not in shell, excluding yolks only), dried, whether or not containing added sugar or other sweetening matter",8,Weight in kilograms,146616,,,,146616,,723184,,,0
H5,2019,2019,2019,6,1,2,Export,428,Latvia,LVA,0,World,WLD,,,,,,,,040891,"Eggs; birds' eggs (not in shell, excluding yolks only), dried, whether or not containing added sugar or other sweetening matter",8,Weight in kilograms,113193,,,,113193,,431601,,,0
H5,2019,2019,2019,6,1,1,Import,440,Lithuania,LTU,0,World,WLD,,,,,,,,040891,"Eggs; birds' eggs (not in shell, excluding yolks only), dried, whether or not containing added sugar or other sweetening matter",8,Weight in kilograms,56550,,,,56550,,174700,,,0
H5,2019,2019,2019,6,1,2,Export,440,Lithuania,LTU,0,World,WLD,,,,,,,,040891,"Eggs; birds' eggs (not in shell, excluding yolks only), dried, whether or not containing added sugar or other sweetening matter",8,Weight in kilograms,414799,,,,414799,,1766631,,,0
H5,2019,2019,2019,6,1,1,Import,450,Madagascar,MDG,0,World,WLD,,,,,,,,040891,"Eggs; birds' eggs (not in shell, excluding yolks only), dried, whether or not containing added sugar or other sweetening matter",8,Weight in kilograms,7971,,,,7971,,36064,,,0
H5,2019,2019,2019,6,1,1,Import,458,Malaysia,MYS,0,World,WLD,,,,,,,,040891,"Eggs; birds' eggs (not in shell, excluding yolks only), dried, whether or not containing added sugar or other sweetening matter",8,Weight in kilograms,90372,,,,90372,,603267,,,0
H5,2019,2019,2019,6,1,2,Export,458,Malaysia,MYS,0,World,WLD,,,,,,,,040891,"Eggs; birds' eggs (not in shell, excluding yolks only), dried, whether or not containing added sugar or other sweetening matter",8,Weight in kilograms,2336,,,,2336,,47145,,,0
H5,2019,2019,2019,6,1,1,Import,470,Malta,MLT,0,World,WLD,,,,,,,,040891,"Eggs; birds' eggs (not in shell, excluding yolks only), dried, whether or not containing added sugar or other sweetening matter",8,Weight in kilograms,3188,,,,3188,,8409,,,0
H5,2019,2019,2019,6,1,1,Import,480,Mauritius,MUS,0,World,WLD,,,,,,,,040891,"Eggs; birds' eggs (not in shell, excluding yolks only), dried, whether or not containing added sugar or other sweetening matter",8,Weight in kilograms,657,,,,657,,3535,,,0
H5,2019,2019,2019,6,1,1,Import,504,Morocco,MAR,0,World,WLD,,,,,,,,040891,"Eggs; birds' eggs (not in shell, excluding yolks only), dried, whether or not containing added sugar or other sweetening matter",8,Weight in kilograms,49680,,,,49680,,239393,,,0
H5,2019,2019,2019,6,1,1,Import,528,Netherlands,NLD,0,World,WLD,,,,,,,,040891,"Eggs; birds' eggs (not in shell, excluding yolks only), dried, whether or not containing added sugar or other sweetening matter",8,Weight in kilograms,1793886,,,,1793886,,10287950,,,6
H5,2019,2019,2019,6,1,2,Export,528,Netherlands,NLD,0,World,WLD,,,,,,,,040891,"Eggs; birds' eggs (not in shell, excluding yolks only), dried, whether or not containing added sugar or other sweetening matter",8,Weight in kilograms,6877491,,,,6877491,,34071045,,,6
H5,2019,2019,2019,6,1,1,Import,554,New Zealand,NZL,0,World,WLD,,,,,,,,040891,"Eggs; birds' eggs (not in shell, excluding yolks only), dried, whether or not containing added sugar or other sweetening matter",8,Weight in kilograms,337812,,,,337812,,2133330,,,0
H5,2019,2019,2019,6,1,2,Export,554,New Zealand,NZL,0,World,WLD,,,,,,,,040891,"Eggs; birds' eggs (not in shell, excluding yolks only), dried, whether or not containing added sugar or other sweetening matter",8,Weight in kilograms,821,,,,821,,7386,,,0
H5,2019,2019,2019,6,1,1,Import,579,Norway,NOR,0,World,WLD,,,,,,,,040891,"Eggs; birds' eggs (not in shell, excluding yolks only), dried, whether or not containing added sugar or other sweetening matter",8,Weight in kilograms,771,,,,771,,7706,,,0
H5,2019,2019,2019,6,1,1,Import,586,Pakistan,PAK,0,World,WLD,,,,,,,,040891,"Eggs; birds' eggs (not in shell, excluding yolks only), dried, whether or not containing added sugar or other sweetening matter",8,Weight in kilograms,547412,,,,547412,,1546249,,,0
H5,2019,2019,2019,6,1,1,Import,604,Peru,PER,0,World,WLD,,,,,,,,040891,"Eggs; birds' eggs (not in shell, excluding yolks only), dried, whether or not containing added sugar or other sweetening matter",8,Weight in kilograms,6060,,,,6060,,37405,,,0
H5,2019,2019,2019,6,1,2,Export,604,Peru,PER,0,World,WLD,,,,,,,,040891,"Eggs; birds' eggs (not in shell, excluding yolks only), dried, whether or not containing added sugar or other sweetening matter",8,Weight in kilograms,6007,,,,6007,,40282,,,0
H5,2019,2019,2019,6,1,1,Import,608,Philippines,PHL,0,World,WLD,,,,,,,,040891,"Eggs; birds' eggs (not in shell, excluding yolks only), dried, whether or not containing added sugar or other sweetening matter",8,Weight in kilograms,1045542,,,,1045542,,5088448,,,6
H5,2019,2019,2019,6,1,1,Import,616,Poland,POL,0,World,WLD,,,,,,,,040891,"Eggs; birds' eggs (not in shell, excluding yolks only), dried, whether or not containing added sugar or other sweetening matter",8,Weight in kilograms,740310,,,,740310,,2184347,,,0
H5,2019,2019,2019,6,1,2,Export,616,Poland,POL,0,World,WLD,,,,,,,,040891,"Eggs; birds' eggs (not in shell, excluding yolks only), dried, whether or not containing added sugar or other sweetening matter",8,Weight in kilograms,7059265,,,,7059265,,30482641,,,0
H5,2019,2019,2019,6,1,1,Import,620,Portugal,PRT,0,World,WLD,,,,,,,,040891,"Eggs; birds' eggs (not in shell, excluding yolks only), dried, whether or not containing added sugar or other sweetening matter",8,Weight in kilograms,673443,,,,673443,,2713619,,,0
H5,2019,2019,2019,6,1,2,Export,620,Portugal,PRT,0,World,WLD,,,,,,,,040891,"Eggs; birds' eggs (not in shell, excluding yolks only), dried, whether or not containing added sugar or other sweetening matter",8,Weight in kilograms,17790,,,,17790,,81111,,,0
H5,2019,2019,2019,6,1,1,Import,642,Romania,ROU,0,World,WLD,,,,,,,,040891,"Eggs; birds' eggs (not in shell, excluding yolks only), dried, whether or not containing added sugar or other sweetening matter",8,Weight in kilograms,556805,,,,556805,,2144625,,,6
H5,2019,2019,2019,6,1,2,Export,642,Romania,ROU,0,World,WLD,,,,,,,,040891,"Eggs; birds' eggs (not in shell, excluding yolks only), dried, whether or not containing added sugar or other sweetening matter",8,Weight in kilograms,262111,,,,262111,,998084,,,6
H5,2019,2019,2019,6,1,1,Import,643,Russian Federation,RUS,0,World,WLD,,,,,,,,040891,"Eggs; birds' eggs (not in shell, excluding yolks only), dried, whether or not containing added sugar or other sweetening matter",8,Weight in kilograms,453974,,,,453974,,1074757,,,0
H5,2019,2019,2019,6,1,2,Export,643,Russian Federation,RUS,0,World,WLD,,,,,,,,040891,"Eggs; birds' eggs (not in shell, excluding yolks only), dried, whether or not containing added sugar or other sweetening matter",8,Weight in kilograms,420598,,,,420598,,977209,,,0
H5,2019,2019,2019,6,1,1,Import,688,Serbia,SRB,0,World,WLD,,,,,,,,040891,"Eggs; birds' eggs (not in shell, excluding yolks only), dried, whether or not containing added sugar or other sweetening matter",8,Weight in kilograms,58040,,,,58040,,304074,,,0
H5,2019,2019,2019,6,1,2,Export,688,Serbia,SRB,0,World,WLD,,,,,,,,040891,"Eggs; birds' eggs (not in shell, excluding yolks only), dried, whether or not containing added sugar or other sweetening matter",8,Weight in kilograms,23290,,,,23290,,116554,,,0
H5,2019,2019,2019,6,1,1,Import,690,Seychelles,SYC,0,World,WLD,,,,,,,,040891,"Eggs; birds' eggs (not in shell, excluding yolks only), dried, whether or not containing added sugar or other sweetening matter",8,Weight in kilograms,326,,,,326,,2838,,,0
H5,2019,2019,2019,6,1,1,Import,699,India,IND,0,World,WLD,,,,,,,,040891,"Eggs; birds' eggs (not in shell, excluding yolks only), dried, whether or not containing added sugar or other sweetening matter",8,Weight in kilograms,10080,,,,10080,,42428,,,0
H5,2019,2019,2019,6,1,2,Export,699,India,IND,0,World,WLD,,,,,,,,040891,"Eggs; birds' eggs (not in shell, excluding yolks only), dried, whether or not containing added sugar or other sweetening matter",8,Weight in kilograms,2700842,,,,2700842,,14761757,,,0
H5,2019,2019,2019,6,1,1,Import,702,Singapore,SGP,0,World,WLD,,,,,,,,040891,"Eggs; birds' eggs (not in shell, excluding yolks only), dried, whether or not containing added sugar or other sweetening matter",8,Weight in kilograms,29521,,,,29521,,160025,,,0
H5,2019,2019,2019,6,1,2,Export,702,Singapore,SGP,0,World,WLD,,,,,,,,040891,"Eggs; birds' eggs (not in shell, excluding yolks only), dried, whether or not containing added sugar or other sweetening matter",8,Weight in kilograms,1,,,,1,,0,,,0
H5,2019,2019,2019,6,1,1,Import,703,Slovakia,SVK,0,World,WLD,,,,,,,,040891,"Eggs; birds' eggs (not in shell, excluding yolks only), dried, whether or not containing added sugar or other sweetening matter",8,Weight in kilograms,178831,,,,178831,,993472,,,0
H5,2019,2019,2019,6,1,2,Export,703,Slovakia,SVK,0,World,WLD,,,,,,,,040891,"Eggs; birds' eggs (not in shell, excluding yolks only), dried, whether or not containing added sugar or other sweetening matter",8,Weight in kilograms,35,,,,35,,400,,,0
H5,2019,2019,2019,6,1,4,Re-Import,703,Slovakia,SVK,0,World,WLD,,,,,,,,040891,"Eggs; birds' eggs (not in shell, excluding yolks only), dried, whether or not containing added sugar or other sweetening matter",8,Weight in kilograms,2100,,,,2100,,12125,,,0
H5,2019,2019,2019,6,1,1,Import,704,Viet Nam,VNM,0,World,WLD,,,,,,,,040891,"Eggs; birds' eggs (not in shell, excluding yolks only), dried, whether or not containing added sugar or other sweetening matter",8,Weight in kilograms,732410,,,,732410,,3564497,,,6
H5,2019,2019,2019,6,1,2,Export,704,Viet Nam,VNM,0,World,WLD,,,,,,,,040891,"Eggs; birds' eggs (not in shell, excluding yolks only), dried, whether or not containing added sugar or other sweetening matter",8,Weight in kilograms,8233,,,,8233,,42558,,,6
H5,2019,2019,2019,6,1,1,Import,705,Slovenia,SVN,0,World,WLD,,,,,,,,040891,"Eggs; birds' eggs (not in shell, excluding yolks only), dried, whether or not containing added sugar or other sweetening matter",8,Weight in kilograms,170510,,,,170510,,1050253,,,0
H5,2019,2019,2019,6,1,1,Import,710,South Africa,ZAF,0,World,WLD,,,,,,,,040891,"Eggs; birds' eggs (not in shell, excluding yolks only), dried, whether or not containing added sugar or other sweetening matter",8,Weight in kilograms,237935,,,,237935,,1305323,,,0
H5,2019,2019,2019,6,1,2,Export,710,South Africa,ZAF,0,World,WLD,,,,,,,,040891,"Eggs; birds' eggs (not in shell, excluding yolks only), dried, whether or not containing added sugar or other sweetening matter",8,Weight in kilograms,81057,,,,81057,,139460,,,0
H5,2019,2019,2019,6,1,1,Import,724,Spain,ESP,0,World,WLD,,,,,,,,040891,"Eggs; birds' eggs (not in shell, excluding yolks only), dried, whether or not containing added sugar or other sweetening matter",8,Weight in kilograms,3000677,,,,3000677,,8822847,,,0
H5,2019,2019,2019,6,1,2,Export,724,Spain,ESP,0,World,WLD,,,,,,,,040891,"Eggs; birds' eggs (not in shell, excluding yolks only), dried, whether or not containing added sugar or other sweetening matter",8,Weight in kilograms,427319,,,,427319,,2141702,,,0
H5,2019,2019,2019,6,1,1,Import,748,Eswatini,SWZ,0,World,WLD,,,,,,,,040891,"Eggs; birds' eggs (not in shell, excluding yolks only), dried, whether or not containing added sugar or other sweetening matter",8,Weight in kilograms,0,,,,0,,2,,,0
H5,2019,2019,2019,6,1,1,Import,752,Sweden,SWE,0,World,WLD,,,,,,,,040891,"Eggs; birds' eggs (not in shell, excluding yolks only), dried, whether or not containing added sugar or other sweetening matter",8,Weight in kilograms,727445,,,,727445,,4320010,,,6
H5,2019,2019,2019,6,1,2,Export,752,Sweden,SWE,0,World,WLD,,,,,,,,040891,"Eggs; birds' eggs (not in shell, excluding yolks only), dried, whether or not containing added sugar or other sweetening matter",8,Weight in kilograms,887139,,,,887139,,1346949,,,6
H5,2019,2019,2019,6,1,1,Import,757,Switzerland,CHE,0,World,WLD,,,,,,,,040891,"Eggs; birds' eggs (not in shell, excluding yolks only), dried, whether or not containing added sugar or other sweetening matter",8,Weight in kilograms,222989,,,,222989,,1683768,,,0
H5,2019,2019,2019,6,1,2,Export,757,Switzerland,CHE,0,World,WLD,,,,,,,,040891,"Eggs; birds' eggs (not in shell, excluding yolks only), dried, whether or not containing added sugar or other sweetening matter",8,Weight in kilograms,2527,,,,2527,,30250,,,0
H5,2019,2019,2019,6,1,1,Import,764,Thailand,THA,0,World,WLD,,,,,,,,040891,"Eggs; birds' eggs (not in shell, excluding yolks only), dried, whether or not containing added sugar or other sweetening matter",8,Weight in kilograms,952146,,,,952146,,4194484,,,6
H5,2019,2019,2019,6,1,2,Export,764,Thailand,THA,0,World,WLD,,,,,,,,040891,"Eggs; birds' eggs (not in shell, excluding yolks only), dried, whether or not containing added sugar or other sweetening matter",8,Weight in kilograms,67,,,,67,,375,,,6
H5,2019,2019,2019,6,1,1,Import,788,Tunisia,TUN,0,World,WLD,,,,,,,,040891,"Eggs; birds' eggs (not in shell, excluding yolks only), dried, whether or not containing added sugar or other sweetening matter",8,Weight in kilograms,90000,,,,90000,,437452,,,0
H5,2019,2019,2019,6,1,1,Import,792,Turkey,TUR,0,World,WLD,,,,,,,,040891,"Eggs; birds' eggs (not in shell, excluding yolks only), dried, whether or not containing added sugar or other sweetening matter",8,Weight in kilograms,36350,,,,36350,,151954,,,0
H5,2019,2019,2019,6,1,2,Export,792,Turkey,TUR,0,World,WLD,,,,,,,,040891,"Eggs; birds' eggs (not in shell, excluding yolks only), dried, whether or not containing added sugar or other sweetening matter",8,Weight in kilograms,504,,,,504,,6617,,,0
H5,2019,2019,2019,6,1,1,Import,807,North Macedonia,MKD,0,World,WLD,,,,,,,,040891,"Eggs; birds' eggs (not in shell, excluding yolks only), dried, whether or not containing added sugar or other sweetening matter",8,Weight in kilograms,513300,,,,513300,,2579969,,,0
H5,2019,2019,2019,6,1,1,Import,826,United Kingdom,GBR,0,World,WLD,,,,,,,,040891,"Eggs; birds' eggs (not in shell, excluding yolks only), dried, whether or not containing added sugar or other sweetening matter",8,Weight in kilograms,4911448,,,,4911448,,26517681,,,0
H5,2019,2019,2019,6,1,2,Export,826,United Kingdom,GBR,0,World,WLD,,,,,,,,040891,"Eggs; birds' eggs (not in shell, excluding yolks only), dried, whether or not containing added sugar or other sweetening matter",8,Weight in kilograms,22296,,,,22296,,99952,,,6
H5,2019,2019,2019,6,1,1,Import,842,USA,USA,0,World,WLD,,,,,,,,040891,"Eggs; birds' eggs (not in shell, excluding yolks only), dried, whether or not containing added sugar or other sweetening matter",8,Weight in kilograms,1200,,,,1200,,3166,,,0
H5,2019,2019,2019,6,1,2,Export,842,USA,USA,0,World,WLD,,,,,,,,040891,"Eggs; birds' eggs (not in shell, excluding yolks only), dried, whether or not containing added sugar or other sweetening matter",8,Weight in kilograms,8023723,,,,8023723,,24088730,,,0
H5,2019,2019,2019,6,1,3,Re-Export,842,USA,USA,0,World,WLD,,,,,,,,040891,"Eggs; birds' eggs (not in shell, excluding yolks only), dried, whether or not containing added sugar or other sweetening matter",8,Weight in kilograms,99234,,,,99234,,279409,,,0
H5,2019,2019,2019,6,1,1,Import,860,Uzbekistan,UZB,0,World,WLD,,,,,,,,040891,"Eggs; birds' eggs (not in shell, excluding yolks only), dried, whether or not containing added sugar or other sweetening matter",8,Weight in kilograms,10070,,,,10070,,45467,,,0
H5,2019,2019,2019,6,1,1,Import,887,Yemen,YEM,0,World,WLD,,,,,,,,040891,"Eggs; birds' eggs (not in shell, excluding yolks only), dried, whether or not containing added sugar or other sweetening matter",8,Weight in kilograms,25000,,,,25000,,30574,,,0
H4,2019,2019,2019,6,1,1,Import,268,Georgia,GEO,0,World,WLD,,,,,,,,040891,"Eggs; birds' eggs (not in shell, excluding yolks only), dried, whether or not containing added sugar or other sweetening matter",8,Weight in kilograms,651,,,,651,,3761,,,0
H4,2019,2019,2019,6,1,2,Export,268,Georgia,GEO,0,World,WLD,,,,,,,,040891,"Eggs; birds' eggs (not in shell, excluding yolks only), dried, whether or not containing added sugar or other sweetening matter",8,Weight in kilograms,0,,,,0,,4,,,0
H4,2019,2019,2019,6,1,3,Re-Export,268,Georgia,GEO,0,World,WLD,,,,,,,,040891,"Eggs; birds' eggs (not in shell, excluding yolks only), dried, whether or not containing added sugar or other sweetening matter",8,Weight in kilograms,0,,,,0,,4,,,0
H4,2019,2019,2019,6,1,1,Import,484,Mexico,MEX,0,World,WLD,,,,,,,,040891,"Eggs; birds' eggs (not in shell, excluding yolks only), dried, whether or not containing added sugar or other sweetening matter",8,Weight in kilograms,74390,,,,74390,,330351,,,0
H4,2019,2019,2019,6,1,1,Import,498,Rep. of Moldova,MDA,0,World,WLD,,,,,,,,040891,"Eggs; birds' eggs (not in shell, excluding yolks only), dried, whether or not containing added sugar or other sweetening matter",8,Weight in kilograms,15300,,,,15300,,59850,,,0
H4,2019,2019,2019,6,1,1,Import,634,Qatar,QAT,0,World,WLD,,,,,,,,040891,"Eggs; birds' eggs (not in shell, excluding yolks only), dried, whether or not containing added sugar or other sweetening matter",8,Weight in kilograms,44640,,,,44640,,71483,,,0
H4,2019,2019,2019,6,1,1,Import,818,Egypt,EGY,0,World,WLD,,,,,,,,040891,"Eggs; birds' eggs (not in shell, excluding yolks only), dried, whether or not containing added sugar or other sweetening matter",8,Weight in kilograms,5125,,,,5125,,19365,,,0
H4,2019,2019,2019,6,1,2,Export,818,Egypt,EGY,0,World,WLD,,,,,,,,040891,"Eggs; birds' eggs (not in shell, excluding yolks only), dried, whether or not containing added sugar or other sweetening matter",8,Weight in kilograms,25000,,,,25000,,40175,,,0
H3,2019,2019,2019,6,1,1,Import,28,Antigua and Barbuda,ATG,0,World,WLD,,,,,,,,040891,"Birds' eggs, not in shell (excl. yolks), dried, whether/not containing added sugar/other sweetening matter",8,Weight in kilograms,133,,,,133,,380,,,0
H3,2019,2019,2019,6,1,1,Import,678,Sao Tome and Principe,STP,0,World,WLD,,,,,,,,040891,"Birds' eggs, not in shell (excl. yolks), dried, whether/not containing added sugar/other sweetening matter",8,Weight in kilograms,40,,,,40,,383,,,0
